日付,ランキング,機種名,機種別差枚,平均差枚,平均G数,勝率,日付末尾,出現回数
2023/10/9,10,アイムジャグラーEX-TP,1102,65,5215,41.2%(7/17),9,28
2023/9/9,7,アイムジャグラーEX-TP,4940,412,7103,58.3%(7/12),9,28
2023/8/29,6,アイムジャグラーEX-TP,2605,217,5600,50.0%(6/12),9,28
2023/8/9,2,アイムジャグラーEX-TP,9441,787,6085,75.0%(9/12),9,28
2023/7/29,4,アイムジャグラーEX-TP,7967,664,6726,50.0%(6/12),9,28
2023/7/19,1,アイムジャグラーEX-TP,20427,1702,7751,75.0%(9/12),9,28
2023/7/9,4,アイムジャグラーEX-TP,8036,670,6699,50.0%(6/12),9,28
2023/6/29,1,アイムジャグラーEX-TP,10614,884,7124,50.0%(6/12),9,28
2023/6/9,2,アイムジャグラーEX-TP,7711,643,8064,83.3%(10/12),9,28
2023/5/29,1,アイムジャグラーEX-TP,7400,617,7192,66.7%(8/12),9,28
2023/5/19,2,アイムジャグラーEX-TP,8013,668,6443,66.7%(8/12),9,28
2023/5/9,3,アイムジャグラーEX-TP,11812,984,7558,58.3%(7/12),9,28
2023/4/29,2,アイムジャグラーEX-TP,10223,852,7195,75.0%(9/12),9,28
2023/4/19,4,アイムジャグラーEX-TP,7200,600,6792,58.3%(7/12),9,28
2023/3/29,1,アイムジャグラーEX-TP,8205,684,7750,66.7%(8/12),9,28
2023/3/19,2,アイムジャグラーEX-TP,14170,1181,7078,83.3%(10/12),9,28
2023/3/9,1,アイムジャグラーEX-TP,18842,1570,7759,83.3%(10/12),9,28
2023/2/19,1,アイムジャグラーEX-TP,8475,706,7533,75.0%(9/12),9,28
2023/2/9,1,アイムジャグラーEX-TP,9750,812,6061,66.7%(8/12),9,28
2023/1/29,5,アイムジャグラーEX-TP,4401,367,4166,33.3%(4/12),9,28
2023/1/19,1,アイムジャグラーEX-TP,18536,1545,6786,66.7%(8/12),9,28
2022/12/9,1,アイムジャグラーEX-TP,13094,1091,7374,66.7%(8/12),9,28
2022/11/29,3,アイムジャグラーEX-TP,3078,256,4389,50.0%(6/12),9,28
2022/11/19,1,アイムジャグラーEX-TP,9436,786,7363,50.0%(6/12),9,28
2022/11/9,1,アイムジャグラーEX-TP,7680,640,5682,58.3%(7/12),9,28
2022/10/19,10,アイムジャグラーEX-TP,330,28,4670,41.7%(5/12),9,28
2022/9/29,6,アイムジャグラーEX-TP,2150,179,5069,41.7%(5/12),9,28
2022/9/19,4,アイムジャグラーEX-TP,5640,470,7505,58.3%(7/12),9,28
2023/10/9,3,ファンキージャグラー2,4486,561,5885,62.5%(5/8),9,19
2023/9/9,1,ファンキージャグラー2,9698,1212,7354,75.0%(6/8),9,19
2023/8/19,3,ファンキージャグラー2,9363,1170,6441,75.0%(6/8),9,19
2023/8/9,4,ファンキージャグラー2,5281,660,5857,50.0%(4/8),9,19
2023/7/19,6,ファンキージャグラー2,2763,345,5113,37.5%(3/8),9,19
2023/6/9,3,ファンキージャグラー2,4720,590,5034,37.5%(3/8),9,19
2023/5/29,8,ファンキージャグラー2,1627,203,3378,25.0%(2/8),9,19
2023/4/19,6,ファンキージャグラー2,3356,420,6201,50.0%(4/8),9,19
2023/3/19,3,ファンキージャグラー2,9737,1217,7438,75.0%(6/8),9,19
2023/3/9,4,ファンキージャグラー2,3154,394,6171,62.5%(5/8),9,19
2023/2/19,5,ファンキージャグラー2,3787,473,5877,50.0%(4/8),9,19
2023/1/29,4,ファンキージャグラー2,5059,632,4821,87.5%(7/8),9,19
2023/1/19,2,ファンキージャグラー2,6578,822,5779,75.0%(6/8),9,19
2022/12/9,5,ファンキージャグラー2,2906,363,6232,62.5%(5/8),9,19
2022/11/29,2,ファンキージャグラー2,3268,408,4801,50.0%(4/8),9,19
2022/11/9,8,ファンキージャグラー2,720,90,6505,37.5%(3/8),9,19
2022/10/19,3,ファンキージャグラー2,1390,174,5440,62.5%(5/8),9,19
2022/10/9,3,ファンキージャグラー2,2300,288,5585,62.5%(5/8),9,19
2022/9/19,3,ファンキージャグラー2,5710,714,7554,62.5%(5/8),9,19
2023/7/19,9,ディスクアップ2,1436,479,2384,33.3%(1/3),9,16
2023/5/9,9,ディスクアップ2,920,307,5526,33.3%(1/3),9,16
2023/4/29,10,ディスクアップ2,456,152,3856,33.3%(1/3),9,16
2023/4/9,5,ディスクアップ2,2166,722,3047,66.7%(2/3),9,16
2023/3/19,9,ディスクアップ2,3908,1303,3823,66.7%(2/3),9,16
2023/3/9,6,ディスクアップ2,507,169,3409,66.7%(2/3),9,16
2023/2/9,6,ディスクアップ2,2241,747,3333,66.7%(2/3),9,16
2022/12/29,6,ディスクアップ2,1761,587,3361,66.7%(2/3),9,16
2022/12/9,3,ディスクアップ2,5589,1863,4907,100.0%(3/3),9,16
2022/11/29,4,ディスクアップ2,2854,951,2839,66.7%(2/3),9,16
2022/11/19,3,ディスクアップ2,2264,755,6067,66.7%(2/3),9,16
2022/11/9,4,ディスクアップ2,2210,737,2237,66.7%(2/3),9,16
2022/10/29,3,ディスクアップ2,680,227,4923,66.7%(2/3),9,16
2022/10/19,2,ディスクアップ2,1430,477,2863,66.7%(2/3),9,16
2022/9/29,9,ディスクアップ2,980,327,3227,66.7%(2/3),9,16
2022/9/19,10,ディスクアップ2,1110,370,5090,33.3%(1/3),9,16
2023/9/29,2,マイジャグラーV,7250,362,5773,40.0%(8/20),9,13
2023/9/9,6,マイジャグラーV,5013,251,7194,50.0%(10/20),9,13
2023/8/29,2,マイジャグラーV,7931,397,4265,40.0%(8/20),9,13
2023/8/19,9,マイジャグラーV,3967,198,6129,55.0%(11/20),9,13
2023/8/9,7,マイジャグラーV,2567,128,5358,50.0%(10/20),9,13
2023/7/29,3,マイジャグラーV,8016,401,5887,60.0%(12/20),9,13
2023/5/29,2,マイジャグラーV,7338,367,4701,45.0%(9/20),9,13
2023/5/19,4,マイジャグラーV,5759,288,6278,50.0%(10/20),9,13
2023/3/19,1,マイジャグラーV,24471,1224,7466,65.0%(13/20),9,13
2022/12/9,4,マイジャグラーV,4579,229,6007,60.0%(12/20),9,13
2022/11/29,1,マイジャグラーV,14999,750,5136,60.0%(12/20),9,13
2022/11/19,2,マイジャグラーV,4526,226,6830,40.0%(8/20),9,13
2022/9/19,1,マイジャグラーV,34860,1743,7658,80.0%(16/20),9,13
2023/9/29,10,新ハナビ,1244,311,2310,25.0%(1/4),9,12
2023/7/29,6,新ハナビ,3069,767,3593,75.0%(3/4),9,12
2023/7/19,10,新ハナビ,1231,308,2557,75.0%(3/4),9,12
2023/5/19,7,新ハナビ,3752,938,2733,75.0%(3/4),9,12
2023/3/29,9,新ハナビ,560,140,3328,25.0%(1/4),9,12
2023/2/19,10,新ハナビ,1250,312,4601,50.0%(2/4),9,12
2023/1/19,10,新ハナビ,1520,380,2792,50.0%(2/4),9,12
2022/12/9,9,新ハナビ,907,227,2455,50.0%(2/4),9,12
2022/11/29,7,新ハナビ,639,160,936,50.0%(2/4),9,12
2022/11/19,4,新ハナビ,2213,553,5054,25.0%(1/4),9,12
2022/10/19,1,新ハナビ,2960,740,3448,75.0%(3/4),9,12
2022/9/19,6,新ハナビ,1540,385,5455,50.0%(2/4),9,12
2023/10/9,7,ハッピージャグラーVIII,1549,387,6504,75.0%(3/4),9,11
2023/9/29,1,ハッピージャグラーVIII,9338,2334,7482,75.0%(3/4),9,11
2023/9/29,8,甲鉄城のカバネリ,2076,208,2184,50.0%(5/10),9,11
2023/9/9,10,沖ドキ!DUO,3702,1851,3908,50.0%(1/2),9,11
2023/8/19,2,甲鉄城のカバネリ,9397,940,4134,70.0%(7/10),9,11
2023/8/9,6,ハッピージャグラーVIII,3581,895,4524,75.0%(3/4),9,11
2023/8/9,8,甲鉄城のカバネリ,2049,205,2417,50.0%(5/10),9,11
2023/7/29,1,甲鉄城のカバネリ,17904,1790,4717,70.0%(7/10),9,11
2023/7/19,2,甲鉄城のカバネリ,7853,785,4563,50.0%(5/10),9,11
2023/7/9,5,甲鉄城のカバネリ,4370,437,4525,70.0%(7/10),9,11
2023/7/9,6,ハッピージャグラーVIII,3846,962,5950,100.0%(4/4),9,11
2023/7/9,9,沖ドキ!DUO,1105,276,1385,50.0%(2/4),9,11
2023/6/29,7,ハッピージャグラーVIII,2296,574,4761,75.0%(3/4),9,11
2023/6/29,9,沖ドキ!DUO,1455,364,390,75.0%(3/4),9,11
2023/6/9,1,甲鉄城のカバネリ,11929,1325,5001,66.7%(6/9),9,11
2023/6/9,7,ハッピージャグラーVIII,2742,686,6692,75.0%(3/4),9,11
2023/5/19,6,甲鉄城のカバネリ,3938,656,3878,66.7%(4/6),9,11
2023/5/9,2,甲鉄城のカバネリ,13353,2226,5271,100.0%(6/6),9,11
2023/4/29,6,ハッピージャグラーVIII,5325,1331,6254,100.0%(4/4),9,11
2023/4/19,7,甲鉄城のカバネリ,2890,482,4346,50.0%(3/6),9,11
2023/4/19,9,ハッピージャグラーVIII,1147,287,4603,50.0%(2/4),9,11
2023/4/9,6,沖ドキ!DUO,1162,290,2649,25.0%(1/4),9,11
2023/3/29,8,沖ドキ!DUO,1173,293,586,75.0%(3/4),9,11
2023/3/9,3,沖ドキ!DUO,3555,889,1670,75.0%(3/4),9,11
2023/3/9,10,ハッピージャグラーVIII,187,47,3086,50.0%(2/4),9,11
2023/2/9,4,ハッピージャグラーVIII,3390,848,4193,75.0%(3/4),9,11
2023/1/29,6,沖ドキ!DUO,3307,827,1341,100.0%(4/4),9,11
2023/1/19,8,沖ドキ!DUO,2187,547,993,75.0%(3/4),9,11
2022/12/29,1,甲鉄城のカバネリ,5885,2942,4434,100.0%(2/2),9,11
2022/12/29,4,ハッピージャグラーVIII,2133,1066,6756,100.0%(2/2),9,11
2022/10/19,9,沖ドキ!DUO,350,44,644,62.5%(5/8),9,11
2022/9/29,5,沖ドキ!DUO,3250,406,871,62.5%(5/8),9,11
2022/9/19,7,沖ドキ!DUO,1450,181,2610,62.5%(5/8),9,11
2023/5/29,10,犬夜叉,1089,363,1496,33.3%(1/3),9,10
2023/5/9,1,犬夜叉,14644,4881,5435,100.0%(3/3),9,10
2023/4/19,3,犬夜叉,7299,2433,4711,100.0%(3/3),9,10
2023/4/9,4,犬夜叉,2703,901,2688,66.7%(2/3),9,10
2023/3/29,7,犬夜叉,1212,404,2204,66.7%(2/3),9,10
2023/3/9,2,犬夜叉,7273,2424,1985,33.3%(1/3),9,10
2023/2/19,2,犬夜叉,6834,2278,3231,100.0%(3/3),9,10
2023/2/9,3,犬夜叉,4808,1603,1719,66.7%(2/3),9,10
2023/1/19,3,犬夜叉,3786,1262,1236,66.7%(2/3),9,10
2022/11/9,6,犬夜叉,1810,603,2560,66.7%(2/3),9,10
2023/10/9,8,沖ドキ!GOLD,1328,332,2945,75.0%(3/4),9,9
2023/9/29,3,沖ドキ!GOLD,6327,1582,2083,100.0%(4/4),9,9
2023/8/19,1,革命機ヴァルヴレイヴ,9653,965,1520,40.0%(4/10),9,9
2023/8/19,5,沖ドキ!GOLD,6077,1519,2029,100.0%(4/4),9,9
2023/8/9,1,革命機ヴァルヴレイヴ,10182,1018,574,30.0%(3/10),9,9
2023/7/29,2,革命機ヴァルヴレイヴ,10920,1092,2703,60.0%(6/10),9,9
2023/7/9,1,革命機ヴァルヴレイヴ,19124,1912,3088,70.0%(7/10),9,9
2023/7/9,3,沖ドキ!GOLD,8685,2171,1944,75.0%(3/4),9,9
2023/5/29,6,革命機ヴァルヴレイヴ,1932,193,2148,30.0%(3/10),9,9
2023/5/19,1,革命機ヴァルヴレイヴ,8194,819,2131,50.0%(5/10),9,9
2023/5/9,6,沖ドキ!GOLD,3489,1163,2127,66.7%(2/3),9,9
2023/4/29,9,沖ドキ!GOLD,2173,724,3966,66.7%(2/3),9,9
2023/3/29,2,革命機ヴァルヴレイヴ,4542,454,2762,40.0%(4/10),9,9
2023/3/19,4,革命機ヴァルヴレイヴ,6575,658,2358,40.0%(4/10),9,9
2023/3/9,5,沖ドキ!GOLD,1440,480,2954,66.7%(2/3),9,9
2023/2/19,9,沖ドキ!GOLD,1346,449,3484,66.7%(2/3),9,9
2023/1/19,6,沖ドキ!GOLD,2463,616,2981,25.0%(1/4),9,9
2022/12/9,2,革命機ヴァルヴレイヴ,10535,2107,6117,60.0%(3/5),9,9
2023/9/29,5,バイオハザード RE:2,4131,1377,947,33.3%(1/3),9,8
2023/9/29,6,機動戦士ガンダムユニコーン,3745,1248,1538,66.7%(2/3),9,8
2023/9/29,9,押忍!番長ZERO,1276,319,1234,50.0%(2/4),9,8
2023/9/9,5,ガメラ,6038,3019,5191,100.0%(2/2),9,8
2023/9/9,8,花火絶景,4263,2132,4892,100.0%(2/2),9,8
2023/8/19,4,新鬼武者2,6176,2059,3809,100.0%(3/3),9,8
2023/7/29,5,新鬼武者2,5837,1946,2851,66.7%(2/3),9,8
2023/7/29,7,機動戦士ガンダムユニコーン,2668,889,2945,33.3%(1/3),9,8
2023/7/19,3,新鬼武者2,5934,1978,2911,66.7%(2/3),9,8
2023/7/19,8,機動戦士ガンダムユニコーン,1477,492,1755,66.7%(2/3),9,8
2023/6/29,6,バジリスク絆2,2433,608,481,75.0%(3/4),9,8
2023/6/9,5,押忍!番長ZERO,3062,383,775,50.0%(4/8),9,8
2023/6/9,8,新鬼武者2,2552,851,1757,66.7%(2/3),9,8
2023/5/29,3,押忍!番長ZERO,4978,622,2140,50.0%(4/8),9,8
2023/5/29,4,バイオハザード RE:2,4075,1358,5483,100.0%(3/3),9,8
2023/5/29,9,花火絶景,1147,382,834,66.7%(2/3),9,8
2023/5/19,3,機動戦士ガンダムユニコーン,7739,2580,4884,100.0%(3/3),9,8
2023/5/19,8,押忍!番長ZERO,2401,300,794,62.5%(5/8),9,8
2023/5/19,10,花火絶景,1507,502,748,66.7%(2/3),9,8
2023/5/9,5,機動戦士ガンダムユニコーン,4017,1339,4022,66.7%(2/3),9,8
2023/4/29,3,バジリスク絆2,7791,1558,4001,80.0%(4/5),9,8
2023/4/29,4,新鬼武者2,7373,2458,4593,66.7%(2/3),9,8
2023/4/29,7,バイオハザード RE:2,4052,1351,3838,66.7%(2/3),9,8
2023/4/29,8,機動戦士ガンダムユニコーン,3380,1127,4851,66.7%(2/3),9,8
2023/4/19,1,新鬼武者2,10378,3459,4212,100.0%(3/3),9,8
2023/4/19,10,機動戦士ガンダムユニコーン,907,302,2224,33.3%(1/3),9,8
2023/4/9,1,政宗 戦極,9099,4550,2319,100.0%(2/2),9,8
2023/4/9,2,バイオハザード RE:2,6548,2183,3781,100.0%(3/3),9,8
2023/4/9,8,花火絶景,1000,333,2583,33.3%(1/3),9,8
2023/4/9,10,新鬼武者2,713,238,3848,33.3%(1/3),9,8
2023/3/29,3,バイオハザード RE:2,3356,1119,3605,66.7%(2/3),9,8
2023/3/29,4,ガメラ,2186,1093,5212,100.0%(2/2),9,8
2023/3/29,6,花火絶景,1799,600,533,33.3%(1/3),9,8
2023/3/19,7,ガメラ,5018,2509,6104,100.0%(2/2),9,8
2023/3/19,8,花火絶景,4374,1458,3454,100.0%(3/3),9,8
2023/3/19,10,機動戦士ガンダムユニコーン,2729,910,3554,66.7%(2/3),9,8
2023/2/19,3,押忍!番長ZERO,4456,446,2015,40.0%(4/10),9,8
2023/2/19,4,ガメラ,4172,2086,4194,100.0%(2/2),9,8
2023/2/19,6,政宗 戦極,3197,1598,1236,50.0%(1/2),9,8
2023/2/9,9,政宗 戦極,1573,786,366,50.0%(1/2),9,8
2023/1/29,1,新鬼武者2,6861,2287,3414,100.0%(3/3),9,8
2023/1/29,3,押忍!番長ZERO,5570,464,4090,58.3%(7/12),9,8
2023/1/29,7,バジリスク絆2,1280,142,1932,33.3%(3/9),9,8
2023/1/29,8,ガメラ,293,146,2650,50.0%(1/2),9,8
2023/1/19,4,バジリスク絆2,2747,211,791,15.4%(2/13),9,8
2023/1/19,5,押忍!番長ZERO,2579,215,973,41.7%(5/12),9,8
2022/12/29,2,政宗 戦極,2281,1140,381,50.0%(1/2),9,8
2022/12/29,3,花火絶景,2221,740,4074,66.7%(2/3),9,8
2022/12/29,5,バイオハザード RE:2,1920,640,4428,66.7%(2/3),9,8
2022/12/29,9,バジリスク絆2,138,11,1264,38.5%(5/13),9,8
2022/12/9,6,バイオハザード RE:2,2763,921,3378,66.7%(2/3),9,8
2022/12/9,7,政宗 戦極,1387,694,545,50.0%(1/2),9,8
2022/11/29,5,バイオハザード RE:2,2385,795,3691,66.7%(2/3),9,8
2022/11/19,5,ガメラ,2134,1067,5406,100.0%(2/2),9,8
2022/11/9,7,花火絶景,1640,547,3840,33.3%(1/3),9,8
2022/10/29,1,バジリスク絆2,2520,168,1533,33.3%(5/15),9,8
2022/10/19,5,ガメラ,1120,560,2005,50.0%(1/2),9,8
2022/10/9,1,政宗 戦極,4180,1393,267,66.7%(2/3),9,8
2022/10/9,6,バジリスク絆2,1930,129,2191,46.7%(7/15),9,8
2022/10/9,7,ガメラ,1420,710,4775,50.0%(1/2),9,8
2022/9/29,1,政宗 戦極,5660,1887,980,66.7%(2/3),9,8
2022/9/29,4,押忍!番長ZERO,3890,324,1078,50.0%(6/12),9,8
2022/9/19,2,政宗 戦極,5920,1973,2330,66.7%(2/3),9,8
2022/9/19,8,バジリスク絆2,1400,88,2002,31.2%(5/16),9,8
2023/8/29,7,HEY！エリートサラリーマン鏡,1612,161,447,20.0%(2/10),9,7
2023/7/29,9,モンスターハンターワールド:アイスボーン,1860,620,2049,100.0%(3/3),9,7
2023/7/19,5,HEY！エリートサラリーマン鏡,4089,409,1371,50.0%(5/10),9,7
2023/6/29,3,HEY！エリートサラリーマン鏡,7941,794,2259,60.0%(6/10),9,7
2023/6/9,4,モンスターハンターワールド:アイスボーン,3158,1053,2064,33.3%(1/3),9,7
2023/6/9,6,HEY！エリートサラリーマン鏡,2759,276,1499,30.0%(3/10),9,7
2023/5/19,5,モンスターハンターワールド:アイスボーン,5659,1886,4704,100.0%(3/3),9,7
2023/5/19,9,HEY！エリートサラリーマン鏡,2030,203,1468,40.0%(4/10),9,7
2023/4/19,2,HEY！エリートサラリーマン鏡,9785,978,2306,70.0%(7/10),9,7
2023/4/9,7,モンスターハンターワールド:アイスボーン,1053,351,4673,66.7%(2/3),9,7
2023/3/29,10,モンスターハンターワールド:アイスボーン,157,52,4562,66.7%(2/3),9,7
2023/3/19,5,HEY！エリートサラリーマン鏡,5783,578,3997,60.0%(6/10),9,7
2023/3/9,7,モンスターハンターワールド:アイスボーン,213,71,2189,33.3%(1/3),9,7
2023/2/9,7,モンスターハンターワールド:アイスボーン,2190,730,5152,66.7%(2/3),9,7
2023/10/9,6,バーサスリヴァイズ,2180,1090,4292,50.0%(1/2),9,6
2023/9/29,7,アナザーゴッドハーデス‐解き放たれし槍撃ver.‐,3433,572,1248,50.0%(3/6),9,6
2023/8/29,5,アナザーゴッドハーデス‐解き放たれし槍撃ver.‐,2789,558,319,40.0%(2/5),9,6
2023/8/19,7,アナザーゴッドハーデス‐解き放たれし槍撃ver.‐,4263,853,2520,60.0%(3/5),9,6
2023/8/9,5,アナザーゴッドハーデス‐解き放たれし槍撃ver.‐,4876,975,1062,60.0%(3/5),9,6
2023/5/9,10,アナザーゴッドハーデス‐解き放たれし槍撃ver.‐,787,157,4410,60.0%(3/5),9,6
2023/4/29,5,アナザーゴッドハーデス‐解き放たれし槍撃ver.‐,5998,1200,4589,60.0%(3/5),9,6
2023/4/9,3,バーサスリヴァイズ,3854,1927,6427,100.0%(2/2),9,6
2023/4/9,9,ひぐらしのなく頃に祭2,947,474,756,50.0%(1/2),9,6
2023/3/9,8,バーサスリヴァイズ,213,106,2767,50.0%(1/2),9,6
2023/3/9,9,ひぐらしのなく頃に祭2,200,100,144,50.0%(1/2),9,6
2023/1/29,9,バーサスリヴァイズ,214,107,2894,50.0%(1/2),9,6
2023/1/19,9,ひぐらしのなく頃に祭2,1553,776,6104,50.0%(1/2),9,6
2022/10/29,2,ひぐらしのなく頃に祭2,790,395,200,50.0%(1/2),9,6
2022/10/29,8,バーサスリヴァイズ,80,40,1365,50.0%(1/2),9,6
2022/10/19,7,ひぐらしのなく頃に祭2,610,305,4245,50.0%(1/2),9,6
2022/9/29,2,ひぐらしのなく頃に祭2,4780,2390,3910,50.0%(1/2),9,6
2022/9/29,3,バーサスリヴァイズ,3960,1980,5105,100.0%(2/2),9,6
2023/6/29,8,真俺の空,2257,752,482,66.7%(2/3),9,5
2023/6/9,9,真俺の空,2014,671,1517,33.3%(1/3),9,5
2023/2/19,8,戦国乙女 暁の関ヶ原‐DARKNESS‐,1466,733,840,100.0%(2/2),9,5
2023/2/9,2,真俺の空,6659,2220,1468,66.7%(2/3),9,5
2023/1/29,10,真俺の空,160,53,1754,33.3%(1/3),9,5
2022/12/29,8,真俺の空,1000,333,3818,66.7%(2/3),9,5
2022/11/29,10,聖闘士星矢 冥王復活,27,9,148,33.3%(1/3),9,5
2022/11/19,7,戦国乙女 暁の関ヶ原‐DARKNESS‐,200,100,510,50.0%(1/2),9,5
2022/11/19,8,聖闘士星矢 冥王復活,147,74,406,50.0%(1/2),9,5
2022/11/9,10,聖闘士星矢 冥王復活,110,37,310,33.3%(1/3),9,5
2022/10/29,6,戦国乙女 暁の関ヶ原‐DARKNESS‐,320,160,755,100.0%(2/2),9,5
2022/10/19,8,聖闘士星矢 冥王復活,380,127,147,33.3%(1/3),9,5
2022/10/9,2,戦国乙女 暁の関ヶ原‐DARKNESS‐,3270,1635,2380,100.0%(2/2),9,5
2022/10/9,9,聖闘士星矢 冥王復活,780,260,630,66.7%(2/3),9,5
2022/9/29,10,戦国乙女 暁の関ヶ原‐DARKNESS‐,730,365,575,50.0%(1/2),9,5
2023/10/9,4,バキ 強くなりたくば喰らえ!!!,2778,1389,3320,50.0%(1/2),9,4
2023/10/9,5,ゴブリンスレイヤー,2693,673,3495,50.0%(2/4),9,4
2023/9/29,4,スマスロ北斗の拳,5815,415,3772,50.0%(7/14),9,4
2023/9/9,9,主役は銭形4,4249,1416,3521,100.0%(3/3),9,4
2023/8/29,3,主役は銭形4,4603,1534,3161,66.7%(2/3),9,4
2023/8/29,4,スマスロ北斗の拳,4193,300,4058,50.0%(7/14),9,4
2023/8/19,6,主役は銭形4,5963,1988,4029,66.7%(2/3),9,4
2023/7/29,8,スマスロ北斗の拳,2364,296,5231,25.0%(2/8),9,4
2023/7/9,2,ゴブリンスレイヤー,9060,2265,1926,75.0%(3/4),9,4
2023/6/29,2,スマスロ北斗の拳,8345,1192,6256,42.9%(3/7),9,4
2023/6/29,5,ゴブリンスレイヤー,4792,1198,3807,75.0%(3/4),9,4
2023/5/29,7,バキ 強くなりたくば喰らえ!!!,1918,959,812,100.0%(2/2),9,4
2023/5/9,7,バキ 強くなりたくば喰らえ!!!,3379,1690,2484,50.0%(1/2),9,4
2023/5/9,8,主役は銭形4,2074,691,4975,33.3%(1/3),9,4
2023/4/29,1,ゴブリンスレイヤー,11134,2784,4814,50.0%(2/4),9,4
2023/4/19,5,バキ 強くなりたくば喰らえ!!!,6223,3112,2929,50.0%(1/2),9,4
2023/2/9,5,アラジンAクラシック,2681,894,637,33.3%(1/3),9,4
2023/2/9,8,ANEMONE 交響詩篇エウレカセブン HI‐EVOLUTION,2118,1059,341,50.0%(1/2),9,4
2022/12/29,7,アラジンAクラシック,1054,351,1082,66.7%(2/3),9,4
2022/11/29,9,アラジンAクラシック,534,178,1246,66.7%(2/3),9,4
2022/10/29,4,アラジンAクラシック,610,203,630,66.7%(2/3),9,4
2022/10/29,5,ANEMONE 交響詩篇エウレカセブン HI‐EVOLUTION,490,163,357,33.3%(1/3),9,4
2022/10/9,5,ANEMONE 交響詩篇エウレカセブン HI‐EVOLUTION,1970,657,423,66.7%(2/3),9,4
2022/9/29,7,ANEMONE 交響詩篇エウレカセブン HI‐EVOLUTION,2020,673,107,33.3%(1/3),9,4
2023/9/9,3,ソードアート・オンライン,7434,2478,4965,33.3%(1/3),9,3
2023/7/19,4,ソードアート・オンライン,5407,1802,3113,66.7%(2/3),9,3
2023/6/29,10,ソードアート・オンライン,1161,387,3026,33.3%(1/3),9,3
2023/5/29,5,北斗の拳 宿命,2400,800,359,33.3%(1/3),9,3
2023/5/9,4,北斗の拳 宿命,4406,1469,1567,100.0%(3/3),9,3
2023/3/19,6,戦姫絶唱シンフォギア 勇気の歌,5309,2654,4536,100.0%(2/2),9,3
2023/2/19,7,戦姫絶唱シンフォギア 勇気の歌,1560,520,2444,66.7%(2/3),9,3
2023/2/9,10,Re:ゼロから始める異世界生活,1503,376,1049,25.0%(1/4),9,3
2023/1/29,2,Re:ゼロから始める異世界生活,5624,1406,2413,75.0%(3/4),9,3
2023/1/19,7,コードギアス反逆のルルーシュ3,2357,1178,5332,50.0%(1/2),9,3
2022/12/29,10,もっと！クレアの秘宝伝 女神の歌声と太陽の子供達,80,40,552,50.0%(1/2),9,3
2022/12/9,10,アナターのオット!?はーです,494,247,621,50.0%(1/2),9,3
2022/11/19,9,アナターのオット!?はーです,134,67,1228,50.0%(1/2),9,3
2022/11/9,2,コードギアス反逆のルルーシュ3,2480,827,1707,33.3%(1/3),9,3
2022/11/9,9,もっと！クレアの秘宝伝 女神の歌声と太陽の子供達,370,185,2230,50.0%(1/2),9,3
2022/10/29,7,もっと！クレアの秘宝伝 女神の歌声と太陽の子供達,150,75,240,50.0%(1/2),9,3
2022/10/19,4,北斗の拳 宿命,1310,328,728,25.0%(1/4),9,3
2022/10/19,6,アナターのオット!?はーです,800,400,250,100.0%(2/2),9,3
2022/10/9,4,Re:ゼロから始める異世界生活,1980,495,992,50.0%(2/4),9,3
2022/10/9,8,コードギアス反逆のルルーシュ3,1190,397,1490,66.7%(2/3),9,3
2022/10/9,10,戦姫絶唱シンフォギア 勇気の歌,480,160,2013,33.3%(1/3),9,3
2023/10/9,1,ゴーゴージャグラー3,7372,922,6857,75.0%(6/8),9,2
2023/10/9,2,幼女戦記,5508,1836,5657,66.7%(2/3),9,2
2023/9/9,2,からくりサーカス,7982,3991,3770,100.0%(2/2),9,2
2023/8/29,8,戦国コレクション5,1273,424,1402,66.7%(2/3),9,2
2023/8/29,9,幼女戦記,1217,406,106,33.3%(1/3),9,2
2023/8/19,10,ゴーゴージャグラー3,3133,522,6857,50.0%(3/6),9,2
2023/8/9,10,からくりサーカス,1196,598,3054,50.0%(1/2),9,2
2023/7/29,10,ニューパルサーSP3,1737,579,1397,33.3%(1/3),9,2
2023/7/9,8,戦国コレクション5,3227,1076,5456,66.7%(2/3),9,2
2023/6/9,10,ニューパルサーSP3,1667,556,1654,66.7%(2/3),9,2
2023/3/29,5,GI優駿倶楽部2,1813,906,833,50.0%(1/2),9,2
2022/12/9,8,鉄拳4デビルVer.,974,487,420,50.0%(1/2),9,2
2022/11/29,6,GI優駿倶楽部2,680,340,706,50.0%(1/2),9,2
2022/11/9,3,鉄拳4デビルVer.,2430,1215,585,50.0%(1/2),9,2
2022/11/9,5,政宗3,2040,1020,565,50.0%(1/2),9,2
2022/9/19,5,政宗3,1930,643,117,33.3%(1/3),9,2
2023/10/9,9,ニューパルサーDX3,1260,420,2747,33.3%(1/3),9,1
2023/9/9,4,009 RE:CYBORG,6766,3383,5102,50.0%(1/2),9,1
2023/8/29,1,キン肉マン7人の悪魔超人編,11851,3950,4223,100.0%(3/3),9,1
2023/8/29,10,盾の勇者の成り上がり,154,77,31,50.0%(1/2),9,1
2023/8/19,8,戦国BASARA GIGA,4099,2050,3020,50.0%(1/2),9,1
2023/8/9,3,バイオハザード:ヴェンデッタ,7974,1994,3153,75.0%(3/4),9,1
2023/8/9,9,ケロット4,1259,630,3014,50.0%(1/2),9,1
2023/7/19,7,ベルセルク無双,1725,575,1200,66.7%(2/3),9,1
2023/7/9,7,ハードボイルド,3606,1803,3078,50.0%(1/2),9,1
2023/7/9,10,ウルトラちゃぶ台返し,979,490,1230,50.0%(1/2),9,1
2023/6/29,4,炎炎ノ消防隊,5981,1994,6819,66.7%(2/3),9,1
2023/4/19,8,劇場版 魔法少女まどか☆マギカ[前編]始まりの物語/[後編]永遠の物語,1988,663,107,33.3%(1/3),9,1
2022/11/29,8,HEY!鏡,547,91,27,16.7%(1/6),9,1
2022/11/19,6,S牙狼‐黄金騎士‐,374,187,282,50.0%(1/2),9,1
2022/9/29,8,鉄拳4,1120,373,333,33.3%(1/3),9,1
2022/9/19,9,秘宝伝 解き放たれた女神,1250,625,2220,50.0%(1/2),9,1
